Zip Code,Latitude,Longitude
60002,42.471741,-88.084493
60004,42.11278,-87.979542
60005,42.06449,-87.985462
60007,42.0086,-87.99734
60008,42.069786,-88.016221
60010,42.146494,-88.164651
60012,42.272492,-88.314084
60013,42.223439,-88.235506
60014,42.232414,-88.327449
60015,42.173809,-87.878173
60016,42.049573,-87.895003
60018,41.979388,-87.894358
60020,42.389054,-88.173346
60021,42.194697,-88.217108
60022,42.135423,-87.761882
60025,42.075201,-87.821026
60026,42.092234,-87.837445
60029,42.059253,-87.778339
60030,42.337078,-88.044326
60031,42.373574,-87.939353
60033,42.424786,-88.608011
60034,42.456318,-88.419695
60035,42.185968,-87.805939
60040,42.206363,-87.813098
60041,42.364552,-88.15112
60042,42.278206,-88.196627
60043,42.088859,-87.714588
60044,42.284408,-87.862297
60045,42.235997,-87.864777
60046,42.416323,-88.059119
60047,42.203134,-88.044208
60048,42.295408,-87.950611
60050,42.331147,-88.29518
60051,42.35491,-88.229132
60053,42.042336,-87.788946
60056,42.067166,-87.934719
60060,42.270103,-88.039292
60061,42.234909,-87.959135
60062,42.126279,-87.845088
60064,42.324027,-87.856704
60067,42.106323,-88.064337
60068,42.011762,-87.843434
60069,42.196594,-87.924704
60070,42.103663,-87.928972
60071,42.468405,-88.315683
60072,42.406704,-88.305861
60073,42.348824,-88.109581
60074,42.131462,-88.026329
60076,42.03526,-87.729928
60077,42.034746,-87.757188
60081,42.451014,-88.22541
60083,42.436276,-87.941752
60084,42.269669,-88.140911
60085,42.352097,-87.867656
60087,42.403085,-87.850836
60088,42.309632,-87.844061
60089,42.167231,-87.964063
60090,42.129614,-87.921503
60091,42.077788,-87.72057
60093,42.106708,-87.756292
60096,42.479722,-87.824805
60097,42.396983,-88.369978
60098,42.326265,-88.456087
60099,42.459988,-87.865021
60101,41.930516,-88.016937
60102,42.165165,-88.308768
60103,41.980546,-88.204761
60104,41.882844,-87.87643
60106,41.959701,-87.941835
60107,42.020586,-88.177771
60108,41.950022,-88.091865
60109,42.049807,-88.545918
60110,42.114687,-88.291866
60111,42.009497,-88.805358
60112,41.924797,-88.690186
60113,41.932247,-88.965872
60115,41.901277,-88.761435
60118,42.106259,-88.304383
60119,41.851532,-88.47645
60120,42.034492,-88.238396
60123,42.040644,-88.311296
60124,42.020169,-88.400686
60126,41.896843,-87.94124
60129,42.008121,-88.974996
60130,41.866433,-87.817396
60131,41.938755,-87.884263
60133,41.977842,-88.143199
60134,41.878343,-88.342066
60135,42.112495,-88.670862
60136,42.105438,-88.380571
60137,41.865213,-88.061479
60139,41.918877,-88.078095
60140,42.07904,-88.513208
60141,41.857845,-87.83801
60142,42.173954,-88.444595
60143,41.975335,-88.022464
60144,41.835957,-88.520644
60145,42.084569,-88.77382
60146,42.099982,-88.874061
60148,41.873571,-88.020766
60150,41.9258,-88.891997
60151,41.918475,-88.574468
60152,42.237802,-88.625501
60153,41.879283,-87.843251
60154,41.847472,-87.89164
60155,41.857694,-87.856223
60156,42.203613,-88.320701
60157,41.975252,-88.056054
60160,41.904144,-87.860665
60162,41.867531,-87.902184
60163,41.888819,-87.909053
60164,41.917512,-87.900699
60165,41.903215,-87.880713
60169,42.05087,-88.116615
60171,41.925046,-87.838372
60172,41.97985,-88.089628
60173,42.051556,-88.055522
60174,41.930652,-88.298614
60175,41.948188,-88.388701
60176,41.958125,-87.868886
60177,41.988481,-88.310167
60178,42.008032,-88.661107
60180,42.225262,-88.524527
60181,41.876897,-87.976328
60184,41.951502,-88.25317
60185,41.896691,-88.211014
60187,41.87272,-88.112442
60188,41.915737,-88.129434
60189,41.840632,-88.122024
60190,41.871784,-88.157015
60191,41.966306,-87.980851
60192,42.063272,-88.203662
60193,42.009666,-88.096644
60194,42.03482,-88.110285
60195,42.074962,-88.086284
60201,42.056214,-87.692402
60202,42.030355,-87.685549
60203,42.049045,-87.717453
60301,41.888545,-87.798933
60302,41.894609,-87.789711
60304,41.872389,-87.789483
60305,41.894875,-87.819064
60401,41.343966,-87.616389
60402,41.835216,-87.791373
60403,41.553739,-88.134185
60404,41.514026,-88.223228
60406,41.654945,-87.681952
60407,41.234907,-88.261302
60408,41.263739,-88.215536
60409,41.613641,-87.552122
60410,41.423643,-88.201754
60411,41.508774,-87.590314
60415,41.702967,-87.778864
60416,41.293908,-88.283101
60417,41.427585,-87.586149
60419,41.629149,-87.59882
60420,41.088287,-88.41697
60421,41.431182,-88.09971
60422,41.536963,-87.684139
60423,41.477349,-87.832419
60424,41.164148,-88.327716
60425,41.545577,-87.611725
60426,41.610343,-87.653395
60428,41.5998,-87.690567
60429,41.574029,-87.683706
60430,41.55888,-87.664442
60431,41.509668,-88.180211
60432,41.541747,-88.034728
60433,41.499502,-88.043681
60435,41.54859,-88.128928
60436,41.486888,-88.129295
60437,41.162929,-88.560435
60438,41.566242,-87.550204
60439,41.676906,-87.977229
60440,41.7006,-88.075006
60441,41.592639,-88.050043
60442,41.392698,-87.963468
60443,41.502184,-87.748201
60444,41.243115,-88.402732
60445,41.63439,-87.736395
60446,41.631698,-88.106903
60447,41.487239,-88.322166
60448,41.537785,-87.892451
60449,41.41755,-87.778885
60450,41.366293,-88.434561
60451,41.509217,-87.960579
60452,41.606984,-87.753523
60453,41.713436,-87.75256
60455,41.742093,-87.808649
60456,41.731248,-87.731134
60457,41.724657,-87.828048
60458,41.753401,-87.826941
60459,41.744431,-87.768576
60460,40.998479,-88.536714
60461,41.522116,-87.700733
60462,41.625307,-87.83293
60463,41.662446,-87.789969
60464,41.66284,-87.860756
60465,41.698023,-87.829143
60466,41.477816,-87.683188
60467,41.60186,-87.887323
60468,41.335283,-87.810291
60469,41.628359,-87.687037
60470,41.16897,-88.641026
60471,41.478971,-87.734059
60472,41.643075,-87.708082
60473,41.597379,-87.59915
60474,41.179801,-88.266441
60475,41.47254,-87.627508
60476,41.569483,-87.601709
60477,41.572143,-87.78925
60478,41.563453,-87.725409
60479,41.232384,-88.526396
60480,41.729231,-87.881134
60481,41.285524,-88.110548
60482,41.687843,-87.789946
60484,41.443818,-87.710988
60487,41.56273,-87.834416
60490,41.66932,-88.145399
60491,41.602523,-87.962618
60501,41.780221,-87.823244
60502,41.790651,-88.259738
60503,41.712127,-88.25518
60504,41.747452,-88.238622
60505,41.764527,-88.294658
60506,41.765703,-88.363853
60510,41.841141,-88.306602
60511,41.758993,-88.551993
60512,41.7016,-88.43979
60513,41.825059,-87.847546
60514,41.795689,-87.962155
60515,41.810554,-88.022796
60516,41.761302,-88.013394
60517,41.740329,-88.042149
60518,41.598842,-88.919741
60519,41.777818,-88.242612
60520,41.787267,-88.667548
60521,41.800683,-87.928172
60523,41.836558,-87.953278
60525,41.78383,-87.871802
60526,41.831794,-87.873995
60527,41.743074,-87.929214
60530,41.797084,-88.952274
60531,41.619207,-88.787498
60532,41.789443,-88.083984
60534,41.813484,-87.823564
60536,41.597542,-88.549959
60537,41.560474,-88.604139
60538,41.726871,-88.338195
60539,41.82724,-88.336209
60540,41.76467,-88.145428
60541,41.513344,-88.532398
60542,41.809626,-88.352573
60543,41.664136,-88.317818
60544,41.614138,-88.218784
60545,41.678691,-88.53712
60546,41.837923,-87.821859
60548,41.649593,-88.640479
60549,41.502537,-88.739635
60550,41.779872,-88.861945
60551,41.524931,-88.687441
60552,41.666888,-88.706507
60553,41.826254,-89.040056
60554,41.776684,-88.457062
60555,41.822167,-88.180773
60556,41.762915,-88.771125
60557,41.448102,-88.760078
60558,41.805603,-87.901039
60559,41.794371,-87.97286
60560,41.60822,-88.429346
60561,41.745663,-87.981494
60563,41.790146,-88.203829
60564,41.706073,-88.195394
60565,41.730729,-88.124336
60585,41.657058,-88.225243
60586,41.571567,-88.238218
60601,41.88531,-87.622116
60602,41.883073,-87.629149
60603,41.880188,-87.625509
60604,41.878095,-87.628461
60605,41.867566,-87.617228
60606,41.882066,-87.637349
60607,41.87493,-87.651596
60608,41.84688,-87.670664
60609,41.81268,-87.656935
60610,41.906772,-87.632231
60611,41.8957,-87.613775
60612,41.88032,-87.687749
60613,41.956949,-87.654272
60614,41.922714,-87.649577
60615,41.801647,-87.596288
60616,41.844883,-87.624032
60617,41.718197,-87.552739
60618,41.946962,-87.702548
60619,41.74369,-87.605526
60620,41.740497,-87.652558
60621,41.776382,-87.639572
60622,41.902172,-87.683337
60623,41.848897,-87.717661
60624,41.880504,-87.724444
60625,41.973292,-87.700351
60626,42.010019,-87.667095
60628,41.690875,-87.615773
60629,41.775868,-87.711496
60630,41.972071,-87.756569
60631,41.994855,-87.813003
60632,41.810166,-87.713252
60633,41.663809,-87.56147
60634,41.946189,-87.806117
60636,41.775739,-87.669064
60637,41.781621,-87.599876
60638,41.78143,-87.77052
60639,41.920552,-87.756054
60640,41.972872,-87.662604
60641,41.946606,-87.746787
60642,41.902042,-87.658544
60643,41.700273,-87.663267
60644,41.880084,-87.756373
60645,42.008558,-87.694735
60646,41.993019,-87.759627
60647,41.921215,-87.701028
60649,41.76342,-87.565879
60651,41.902093,-87.740857
60652,41.747932,-87.714795
60653,41.819962,-87.605984
60654,41.892289,-87.637271
60655,41.694776,-87.703777
60656,41.97428,-87.827132
60657,41.940293,-87.646857
60659,41.991488,-87.703986
60660,41.99111,-87.663076
60661,41.88303,-87.644101
60706,41.964257,-87.816242
60707,41.921853,-87.807282
60712,42.005432,-87.733239
60714,42.028057,-87.810967
60803,41.674038,-87.73617
60804,41.838036,-87.75987
60805,41.722001,-87.702446
60827,41.649434,-87.633572
60901,41.109505,-87.897917
60910,41.080494,-87.809612
60911,40.880243,-87.976584
60912,40.973619,-87.603476
60913,41.146985,-88.061778
60914,41.187368,-87.861802
60915,41.146304,-87.861046
60917,41.046818,-88.185472
60918,40.59497,-88.02567
60919,40.987875,-88.237518
60920,41.029257,-88.30497
60921,40.731456,-88.297018
60922,41.010925,-87.91929
60924,40.551009,-87.886524
60926,40.566351,-87.823657
60927,40.938489,-87.972776
60928,40.74166,-87.849011
60929,40.874974,-88.289163
60930,40.829913,-88.002574
60931,40.889327,-87.588141
60932,40.463312,-87.805561
60933,40.464728,-88.271912
60934,40.958061,-88.353047
60935,41.170447,-88.175861
60936,40.467849,-88.351997
60938,40.773028,-87.98826
60940,41.249777,-87.642858
60941,41.041988,-88.082084
60942,40.46538,-87.661377
60945,40.828189,-87.584213
60946,40.916505,-88.202897
60948,40.532765,-88.071269
60949,40.378337,-88.105151
60950,41.252724,-87.8844
60951,40.914602,-87.755127
60952,40.562795,-88.250366
60953,40.629577,-87.688641
60954,41.147708,-87.622516
60955,40.699506,-87.969261
60957,40.443066,-88.136091
60958,41.064833,-87.591359
60959,40.789695,-88.181996
60960,40.438957,-87.890723
60961,41.109567,-88.221504
60962,40.626121,-88.187136
60963,40.366679,-87.648421
60964,41.038816,-87.744203
60966,40.751503,-87.583223
60968,40.672352,-88.119538
60969,41.110975,-88.149737
60970,40.796024,-87.734451
60973,40.541685,-87.663146
60974,40.719013,-87.733847
61001,42.465816,-90.110232
61006,41.861762,-89.202281
61007,42.197755,-89.589505
61008,42.24429,-88.841131
61010,42.13459,-89.274106
61011,42.392526,-88.897904
61012,42.401445,-88.764558
61013,42.372123,-89.639278
61014,41.974687,-89.884447
61015,41.996752,-89.197077
61016,42.197297,-88.947723
61018,42.415263,-89.555222
61019,42.439512,-89.410047
61020,42.110183,-89.098207
61021,41.827392,-89.479188
61024,42.436415,-89.297114
61025,42.471378,-90.555965
61027,42.330909,-89.757279
61028,42.298465,-90.175881
61030,42.119648,-89.591624
61031,41.832071,-89.311588
61032,42.318004,-89.636784
61036,42.413677,-90.375911
61037,41.789331,-89.760294
61038,42.265818,-88.737964
61039,42.208868,-89.467558
61041,42.273156,-90.311245
61042,41.687626,-89.562791
61043,42.056438,-89.105241
61044,42.318788,-89.915091
61046,42.104394,-89.811739
61047,42.153152,-89.395916
61048,42.382631,-89.841219
61049,42.049626,-89.008914
61050,42.440288,-89.734143
61051,41.982781,-89.754875
61052,42.111372,-88.999555
61053,42.120819,-89.983297
61054,42.054974,-89.449449
61057,41.82926,-89.382044
61059,42.453165,-89.940174
61060,42.478161,-89.621909
61061,41.997917,-89.341656
61062,42.250635,-89.835749
61063,42.319493,-89.340658
61064,41.987852,-89.582338
61065,42.400588,-88.836952
61067,42.305046,-89.478928
61068,41.945817,-89.060013
61070,42.416818,-89.473074
61071,41.724673,-89.698867
61072,42.442353,-89.13849
61073,42.423732,-88.993797
61074,42.124371,-90.122436
61075,42.464451,-90.258916
61077,42.238138,-89.357813
61078,42.165921,-89.729005
61079,42.437245,-89.216208
61080,42.481345,-88.983833
61081,41.833205,-89.737983
61084,42.123586,-89.190074
61085,42.341809,-90.032187
61087,42.480214,-89.992629
61088,42.268114,-89.262689
61089,42.473424,-89.819325
61091,41.906863,-89.527713
61101,42.346079,-89.146087
61102,42.228769,-89.162524
61103,42.340261,-89.086492
61104,42.25172,-89.079945
61107,42.285452,-89.001644
61108,42.257371,-89.002129
61109,42.191304,-89.055756
61111,42.335503,-89.002745
61112,42.241981,-88.975184
61114,42.306605,-88.990894
61115,42.364306,-89.027467
61201,41.477559,-90.575628
61230,41.734087,-90.213132
61231,41.21067,-90.717799
61232,41.430737,-90.732438
61234,41.417963,-89.914339
61235,41.401294,-90.023559
61236,41.515956,-90.367807
61238,41.282483,-90.172661
61239,41.480837,-90.381916
61240,41.421147,-90.428612
61241,41.48859,-90.32107
61242,41.708009,-90.285148
61243,41.618771,-89.682944
61244,41.522559,-90.390822
61250,41.655926,-90.112419
61251,41.730595,-90.075699
61252,41.83691,-90.125373
61254,41.46723,-90.14963
61256,41.547847,-90.407527
61257,41.593358,-90.221845
61258,41.521564,-89.91401
61259,41.392567,-90.954365
61260,41.245928,-90.884393
61261,41.726842,-89.911219
61262,41.276069,-90.348286
61263,41.258847,-90.60473
61264,41.402799,-90.595864
61265,41.482333,-90.493407
61270,41.826598,-89.963451
61272,41.253608,-91.004598
61273,41.362901,-90.398881
61274,41.368573,-90.276974
61275,41.605575,-90.307048
61276,41.304077,-90.589916
61277,41.613582,-89.930578
61278,41.582027,-90.336731
61279,41.320528,-90.726796
61281,41.29978,-90.520144
61282,41.495565,-90.41299
61283,41.591859,-89.786563
61284,41.394212,-90.751797
61285,41.985776,-90.05832
61301,41.397423,-89.084264
61310,41.702418,-89.354497
61311,41.037692,-88.860016
61312,41.436355,-89.234905
61313,41.073694,-88.668671
61314,41.296481,-89.678495
61315,41.287804,-89.364517
61316,41.259082,-89.124987
61317,41.431454,-89.208916
61318,41.711285,-89.078271
61319,41.018416,-88.742318
61320,41.354676,-89.170458
61321,40.969276,-88.973147
61322,41.314131,-89.31759
61323,41.433059,-89.396789
61324,41.769914,-89.413892
61325,41.234953,-88.809633
61326,41.246245,-89.229713
61327,41.22671,-89.311467
61328,41.499544,-89.459257
61329,41.375034,-89.180739
61330,41.535272,-89.266957
61331,41.747703,-89.277542
61332,41.188769,-88.988778
61333,40.989245,-88.888154
61334,41.145113,-89.098451
61335,41.165748,-89.218354
61336,41.112606,-89.231916
61337,41.436413,-89.32843
61338,41.458737,-89.676107
61340,41.26125,-89.250157
61341,41.352165,-88.693197
61342,41.543677,-89.084088
61344,41.411154,-89.839694
61345,41.280245,-89.794395
61346,41.51119,-89.718402
61348,41.285723,-89.035197
61349,41.544823,-89.442299
61350,41.372095,-88.865127
61353,41.704316,-88.991053
61354,41.327928,-89.143248
61356,41.396035,-89.413241
61358,40.978724,-89.044023
61359,41.362452,-89.271459
61360,41.328215,-88.600511
61361,41.413064,-89.756154
61362,41.358708,-89.23322
61363,41.254185,-89.182339
61364,41.127938,-88.841173
61367,41.621412,-89.259488
61368,41.262136,-89.517537
61369,40.984046,-89.155061
61370,41.199778,-89.038477
61372,41.4649,-89.078018
61373,41.407228,-88.995936
61374,41.547712,-89.358725
61375,41.035173,-89.243431
61376,41.545347,-89.613262
61377,41.061382,-89.034038
61378,41.722671,-89.155402
61379,41.390795,-89.60698
61401,40.944205,-90.385824
61410,40.796475,-90.396007
61411,40.400982,-90.502128
61412,41.078398,-90.579715
61413,41.18659,-90.370422
61414,41.124679,-90.155739
61415,40.65631,-90.43127
61416,40.499397,-90.562897
61417,40.774174,-90.53832
61418,40.850174,-90.862586
61419,41.199461,-90.11746
61420,40.547734,-90.866967
61421,41.187539,-89.647935
61422,40.551362,-90.532761
61423,40.886282,-90.501204
61424,41.076767,-89.634994
61425,40.759242,-91.04015
61426,41.119997,-89.70698
61427,40.508521,-90.183878
61428,40.943829,-90.107135
61430,40.939105,-90.310833
61431,40.608009,-90.276497
61432,40.648385,-90.153167
61433,40.554375,-90.168989
61434,41.183842,-90.038489
61435,40.975148,-90.544946
61436,40.860149,-90.223174
61437,40.846879,-90.992327
61438,40.582743,-90.651654
61439,41.028467,-90.357031
61440,40.305582,-90.598626
61441,40.338564,-90.277187
61442,41.108865,-90.921684
61443,41.263671,-89.944897
61447,40.866806,-90.754347
61448,40.933602,-90.246806
61449,41.095042,-89.975133
61450,40.578637,-90.979104
61451,40.938697,-89.939478
61452,40.23619,-90.660627
61453,41.012202,-90.764135
61454,40.68193,-91.039891
61455,40.440468,-90.638016
61458,40.782237,-90.183157
61459,40.510245,-90.419564
61460,40.716661,-90.829174
61462,40.923313,-90.644576
61465,41.210673,-90.479667
61466,41.110013,-90.479663
61467,41.076365,-90.240803
61468,41.257745,-90.38778
61469,40.955988,-90.908236
61470,40.603863,-90.50484
61471,40.69748,-90.834837
61472,41.102144,-90.382871
61473,40.707687,-90.640428
61474,40.736456,-90.380402
61475,40.597924,-90.753451
61476,41.099146,-90.83394
61477,40.495994,-90.310552
61478,40.757855,-90.760645
61479,41.00479,-89.644768
61480,40.727421,-90.913356
61482,40.384629,-90.408207
61483,41.08483,-89.881372
61484,40.29971,-90.43526
61485,41.021282,-90.102912
61486,41.194794,-90.576436
61488,41.032242,-90.318324
61489,40.930858,-90.033162
61490,41.185531,-90.258712
61491,41.054464,-89.730734
61501,40.228366,-90.311915
61516,40.858083,-89.135201
61517,40.828373,-89.844846
61519,40.46007,-90.088956
61520,40.539026,-90.023221
61523,40.91193,-89.53777
61524,40.491321,-90.034735
61525,40.848482,-89.669082
61526,40.922901,-89.619957
61528,40.77897,-89.722981
61529,40.782018,-89.937608
61530,40.714296,-89.260092
61531,40.682505,-90.036794
61532,40.339487,-89.818789
61533,40.586374,-89.842499
61534,40.414441,-89.666079
61535,40.578864,-89.516514
61536,40.689425,-89.793782
61537,41.119166,-89.471442
61539,40.556403,-89.762073
61540,41.0146,-89.366597
61541,40.980378,-89.234952
61542,40.389729,-90.130236
61543,40.420832,-89.964909
61544,40.693648,-90.235793
61545,40.87071,-89.353494
61546,40.448338,-89.809589
61547,40.580796,-89.720965
61548,40.814012,-89.419925
61550,40.610249,-89.441854
61552,40.81766,-89.565721
61553,40.625932,-90.032265
61554,40.539343,-89.61832
61559,40.919018,-89.779203
61560,41.187262,-89.41979
61561,40.802862,-89.200878
61562,40.880395,-89.501542
61563,40.492024,-90.054216
61564,40.493466,-89.653494
61565,41.038714,-89.505036
61567,40.358139,-89.896566
61568,40.51056,-89.481508
61569,40.683232,-89.900619
61570,40.92107,-89.325771
61571,40.704146,-89.417889
61572,40.80317,-90.044471
61602,40.674562,-89.608597
61603,40.712882,-89.576722
61604,40.705715,-89.653644
61605,40.676584,-89.633277
61606,40.699812,-89.61149
61607,40.627135,-89.685132
61610,40.642116,-89.59956
61611,40.713242,-89.535841
61614,40.759136,-89.604123
61615,40.737893,-89.686781
61616,40.746726,-89.571641
61625,40.697615,-89.612701
61701,40.476769,-88.992994
61704,40.471127,-88.944538
61705,40.41262,-88.895569
61720,40.55467,-88.514468
61721,40.350757,-89.323483
61722,40.418661,-88.63237
61723,40.264664,-89.276542
61724,40.322856,-88.533248
61725,40.61056,-89.119118
61726,40.738395,-88.692315
61727,40.142554,-88.960868
61728,40.571735,-88.627336
61729,40.628659,-89.221294
61730,40.532486,-88.729413
61731,40.613947,-88.485525
61732,40.529638,-89.208063
61733,40.618858,-89.336899
61734,40.375637,-89.512968
61735,40.200639,-88.814798
61736,40.40231,-88.840561
61737,40.464516,-88.745295
61738,40.744994,-89.029988
61739,40.732942,-88.520725
61740,40.884263,-88.861634
61741,40.759435,-88.40427
61742,40.635275,-89.268459
61743,40.875664,-88.781679
61744,40.739971,-88.887112
61745,40.32488,-88.971071
61747,40.416123,-89.435255
61748,40.622347,-88.996766
61749,40.092849,-89.116222
61750,40.123545,-88.85965
61751,40.214556,-89.299252
61752,40.33959,-88.754232
61753,40.629726,-88.787987
61754,40.333755,-89.181944
61755,40.528022,-89.337173
61756,40.031242,-88.973447
61759,40.437314,-89.336061
61760,40.879243,-89.021795
61761,40.529016,-88.958935
61764,40.882442,-88.628136
61769,40.882009,-88.399364
61770,40.442966,-88.525267
61771,40.702016,-89.131374
61772,40.381256,-89.065969
61773,40.565619,-88.383025
61774,40.430678,-89.203945
61775,40.653696,-88.375962
61776,40.566647,-88.874226
61777,40.244063,-88.945663
61778,40.232881,-89.091171
61801,40.108966,-88.211024
61802,40.131498,-88.15677
61810,39.916122,-87.914791
61811,40.292742,-87.622848
61812,40.226685,-87.911218
61813,39.910756,-88.565713
61814,40.230607,-87.572471
61815,40.110752,-88.376547
61816,39.922809,-88.001216
61817,40.035275,-87.716283
61818,39.886711,-88.716499
61820,40.10789,-88.244266
61821,40.109646,-88.274903
61822,40.136481,-88.305307
61830,40.033078,-88.716508
61831,40.22509,-87.79207
61832,40.136234,-87.636466
61833,40.099747,-87.64422
61834,40.152546,-87.673298
61839,40.137717,-88.629166
61840,40.298873,-88.300263
61841,40.020594,-87.816871
61842,40.238677,-88.665395
61843,40.317241,-88.373903
61844,40.142967,-87.869207
61845,40.373621,-88.396814
61846,39.977252,-87.607538
61847,40.319302,-88.011242
61848,40.30806,-87.702771
61849,40.014226,-87.96737
61850,39.931008,-87.738581
61851,39.96082,-88.434724
61852,39.903152,-88.075799
61853,40.214956,-88.421171
61854,40.199872,-88.529328
61855,39.922139,-88.660929
61856,40.026762,-88.580118
61857,40.116554,-87.84228
61858,40.134258,-87.761877
61859,40.150428,-87.962905
61862,40.306027,-87.958606
61863,39.905255,-88.278472
61864,39.975064,-88.152723
61865,40.304925,-87.802464
61866,40.312587,-88.154549
61870,39.897549,-87.618389
61871,40.190222,-87.968042
61872,39.945376,-88.37811
61873,40.133896,-88.039122
61874,40.047157,-88.256753
61875,40.103485,-88.41642
61876,39.901327,-87.836174
61877,39.989192,-88.081601
61878,40.242651,-88.145453
61880,39.973795,-88.248906
61882,40.10623,-88.754729
61883,40.037393,-87.641523
61884,40.08916,-88.477814
61910,39.677185,-88.297938
61911,39.700938,-88.469322
61912,39.522387,-88.04082
61913,39.827555,-88.46609
61914,39.630343,-88.762449
61917,39.7142,-87.897725
61919,39.784439,-88.13777
61920,39.512028,-88.154235
61924,39.786183,-87.663252
61925,39.719105,-88.840528
61928,39.451216,-88.501263
61929,39.824789,-88.625797
61930,39.680887,-88.130478
61931,39.586339,-88.349775
61932,39.803595,-87.879047
61933,39.546695,-87.926758
61936,39.801351,-88.730259
61937,39.741355,-88.654821
61938,39.484141,-88.374771
61940,39.807701,-87.818525
61941,39.804067,-88.07294
61942,39.813836,-87.996741
61943,39.673103,-88.03085
61944,39.600845,-87.700643
61949,39.633642,-87.873648
61951,39.595754,-88.59028
61953,39.803409,-88.291339
61955,39.582172,-87.591665
61956,39.85819,-88.135009
61957,39.441804,-88.611557
62001,38.881444,-89.744999
62002,38.938538,-90.125303
62006,39.053054,-90.669715
62009,39.091549,-89.798118
62010,38.921117,-90.045305
62011,39.126511,-89.216001
62012,39.044749,-90.1482
62013,38.956413,-90.573646
62014,39.043376,-89.951132
62015,39.221451,-89.544038
62016,39.295025,-90.431767
62017,39.065099,-89.368619
62018,38.907779,-90.08132
62019,39.018669,-89.441465
62021,38.983665,-89.976556
62022,39.003162,-90.326185
62023,39.112293,-89.787059
62024,38.875606,-90.073491
62025,38.831391,-89.932326
62027,39.249602,-90.562735
62028,38.95823,-90.354956
62030,39.154621,-90.164239
62031,39.111496,-90.53693
62032,39.115639,-89.288514
62033,39.136567,-89.839885
62034,38.754871,-89.972284
62035,38.962875,-90.242457
62036,38.918311,-90.589735
62037,39.010943,-90.465066
62040,38.725838,-90.111791
62044,39.363052,-90.22155
62045,39.264194,-90.690137
62046,38.889834,-89.846171
62047,39.123135,-90.626568
62048,38.801357,-90.091714
62049,39.131717,-89.481382
62050,39.440017,-90.54472
62051,39.20165,-89.403275
62052,39.110571,-90.321217
62053,39.319254,-90.66542
62054,39.204343,-90.339427
62056,39.179457,-89.67197
62058,38.971118,-89.769571
62059,38.656488,-90.165046
62060,38.681906,-90.1424
62061,38.789567,-89.779093
62062,38.725931,-89.961315
62063,39.198422,-90.149764
62065,39.22609,-90.632707
62067,38.929024,-89.983292
62069,39.089106,-89.739298
62070,39.296898,-90.732493
62074,38.955,-89.689742
62075,39.302262,-89.296245
62076,39.343372,-89.219136
62077,39.031034,-89.52248
62078,39.47863,-90.486079
62079,39.110499,-90.143849
62080,39.137908,-89.10422
62081,39.264927,-90.225
62082,39.489989,-90.317508
62083,39.354451,-89.201432
62084,38.838368,-90.063668
62085,39.081894,-89.8045
62086,38.980771,-89.579837
62087,38.817014,-90.065488
62088,39.01243,-89.799816
62089,39.129585,-89.495141
62090,38.670356,-90.16963
62091,39.056246,-89.610567
62092,39.418572,-90.431226
62093,39.066361,-89.853922
62094,39.245549,-89.34987
62095,38.861343,-90.069002
62097,38.936656,-89.852627
62098,39.386098,-90.304622
62201,38.644323,-90.140058
62203,38.599955,-90.077337
62204,38.633745,-90.090166
62205,38.609757,-90.122803
62206,38.572218,-90.166692
62207,38.582466,-90.123247
62208,38.595364,-90.004917
62214,38.376408,-89.603629
62215,38.508296,-89.608858
62216,38.618617,-89.601788
62217,38.175221,-89.852833
62218,38.522191,-89.473788
62219,38.605786,-89.431899
62220,38.478277,-89.998032
62221,38.512175,-89.905355
62223,38.535922,-90.059478
62225,38.542964,-89.852114
62226,38.535162,-89.999556
62230,38.635005,-89.530995
62231,38.612258,-89.319337
62232,38.631487,-89.999888
62233,37.942252,-89.788551
62234,38.683215,-89.982058
62236,38.436589,-90.216459
62237,38.186721,-89.56847
62238,38.034013,-89.542673
62239,38.535176,-90.161471
62240,38.501857,-90.176557
62241,38.011193,-89.893864
62242,38.112957,-89.948834
62243,38.419053,-89.8894
62244,38.195693,-90.198775
62245,38.545339,-89.562816
62246,38.890366,-89.427577
62248,38.303038,-89.9964
62249,38.755322,-89.667366
62250,38.540795,-89.26611
62253,38.777731,-89.300082
62254,38.609353,-89.822906
62255,38.313204,-89.783121
62257,38.284874,-89.728709
62258,38.460897,-89.782081
62260,38.460653,-90.1007
62261,37.997579,-90.000394
62262,38.939792,-89.29323
62263,38.326439,-89.410588
62264,38.315762,-89.900151
62265,38.499764,-89.673407
62266,38.486685,-89.677069
62268,38.276295,-89.539572
62269,38.599987,-89.915474
62271,38.45012,-89.519141
62272,37.991857,-89.596983
62273,38.786795,-89.583856
62274,38.10003,-89.413973
62275,38.809868,-89.551148
62277,38.09711,-90.112311
62278,38.207527,-89.992598
62279,38.150897,-90.135745
62280,37.846636,-89.647988
62281,38.70688,-89.779352
62282,38.363067,-89.718104
62284,38.881265,-89.313988
62285,38.389548,-90.010539
62286,38.11859,-89.715824
62288,37.988592,-89.687262
62289,38.596906,-89.751472
62292,38.211462,-89.677286
62293,38.619321,-89.69714
62294,38.70256,-89.867485
62295,38.283878,-90.323662
62297,38.052121,-89.806332
62298,38.310793,-90.159394
62301,39.931138,-91.385695
62305,39.928189,-91.343938
62311,40.209847,-90.930892
62312,39.70729,-91.024194
62313,40.317726,-91.228289
62314,39.767988,-90.891698
62316,40.235474,-91.053025
62319,40.152482,-90.731284
62320,40.030377,-91.082819
62321,40.409722,-91.095437
62323,39.797568,-90.687395
62324,39.998277,-90.966328
62325,40.045624,-91.162046
62326,40.416736,-90.809095
62330,40.571437,-91.125784
62334,40.388846,-91.233644
62336,40.468065,-91.171385
62338,39.987974,-91.238047
62339,40.128504,-91.0381
62340,39.73477,-90.728245
62341,40.426611,-91.295738
62343,39.696603,-91.245013
62344,40.168894,-90.831101
62345,39.704319,-91.127325
62346,40.150624,-90.951257
62347,39.870093,-91.088955
62348,40.187552,-91.367329
62349,40.170546,-91.191859
62351,40.113608,-91.268867
62352,39.564547,-90.650116
62353,39.967967,-90.756345
62354,40.528412,-91.345937
62355,39.412245,-90.778624
62356,39.58968,-91.076672
62357,39.68582,-90.867067
62358,40.587585,-91.25347
62359,40.033138,-91.201056
62360,39.816263,-91.263432
62361,39.480283,-90.645467
62362,39.782328,-90.747127
62363,39.590496,-90.769665
62365,39.7964,-91.165131
62366,39.472086,-90.901821
62367,40.299312,-90.874264
62370,39.517293,-91.007228
62373,40.241879,-91.339323
62374,40.408924,-90.912064
62375,40.006342,-90.86852
62376,40.120548,-91.434891
62378,39.905859,-90.634784
62379,40.283497,-91.403355
62380,40.23823,-91.190901
62401,39.118722,-88.562385
62410,38.5388,-87.733213
62411,39.071264,-88.733651
62413,39.138799,-87.837748
62414,39.174413,-88.826356
62417,38.70724,-87.766552
62418,39.022272,-88.973758
62419,38.610736,-87.989672
62420,39.287033,-87.998545
62421,38.75353,-87.94353
62422,39.238796,-88.883247
62423,39.462687,-87.57989
62424,38.991159,-88.420192
62425,38.830094,-88.092198
62426,38.892322,-88.664029
62427,38.873127,-87.649864
62428,39.262654,-88.136713
62431,39.22817,-88.988744
62432,39.135473,-88.139823
62433,39.106742,-87.715756
62434,38.842047,-88.321795
62436,39.179864,-88.252556
62438,39.321114,-88.869227
62439,38.744062,-87.639699
62440,39.395491,-88.267884
62441,39.397619,-87.697612
62442,39.303946,-87.853807
62443,38.954328,-88.627068
62444,39.276544,-88.7393
62445,39.169156,-88.321348
62446,38.502952,-88.213291
62447,39.314746,-88.448275
62448,38.968356,-88.179181
62449,39.006223,-87.914352
62450,38.713182,-88.089183
62451,38.971206,-87.611114
62452,38.590061,-88.014703
62454,38.999665,-87.755852
62458,39.02478,-88.851563
62459,38.930022,-88.027785
62460,38.601727,-87.717505
62461,39.194169,-88.684349
62462,39.236991,-88.460632
62463,39.276648,-88.605375
62465,39.34939,-88.640463
62466,38.728411,-87.852631
62467,39.131186,-88.435002
62468,39.276946,-88.270309
62469,39.351236,-88.333828
62471,38.946188,-89.130148
62473,39.021649,-88.567764
62474,39.423611,-88.000675
62475,38.889631,-88.04651
62476,38.542112,-88.01656
62477,39.233553,-87.643438
62478,39.179972,-87.743616
62479,39.037041,-88.306897
62480,38.997392,-87.999575
62481,39.127228,-88.022012
62501,39.941961,-88.805357
62510,39.530665,-89.028916
62512,40.143468,-89.210602
62513,39.721984,-89.150811
62514,39.762441,-89.050691
62515,39.860416,-89.378281
62517,39.591653,-89.425262
62518,40.054193,-89.191409
62519,39.928796,-89.39532
62520,39.818041,-89.455998
62521,39.81707,-88.926317
62522,39.827583,-89.0478
62523,39.844096,-88.952216
62526,39.901605,-88.989407
62530,39.560286,-89.675123
62531,39.674378,-89.37756
62532,39.763354,-88.989253
62533,39.446936,-89.615992
62534,39.529684,-88.800594
62535,39.924871,-88.968976
62536,39.629013,-89.652261
62537,39.853267,-89.09476
62538,39.356412,-89.519915
62539,39.86603,-89.251291
62540,39.583957,-89.417493
62541,39.965366,-89.355146
62543,39.971422,-89.152233
62544,39.706394,-88.967836
62545,39.756717,-89.388304
62546,39.431455,-89.445923
62547,39.770482,-89.242253
62548,39.981254,-89.283539
62549,39.771029,-88.867155
62550,39.617876,-88.989628
62551,39.855374,-89.158927
62553,39.266267,-89.107186
62554,39.944478,-88.882261
62555,39.46298,-89.210466
62556,39.474974,-89.375213
62557,39.396869,-89.104534
62558,39.586712,-89.549853
62560,39.29863,-89.602818
62561,39.863895,-89.501913
62563,39.719259,-89.496252
62565,39.411777,-88.804095
62567,39.645213,-89.18985
62568,39.561004,-89.289158
62570,39.588581,-89.448004
62571,39.381008,-88.960225
62572,39.360937,-89.701524
62573,39.945409,-89.074133
62601,39.749094,-90.039255
62610,39.558844,-90.434858
62611,39.884116,-90.398177
62612,39.896048,-90.063158
62613,39.997432,-89.665941
62615,39.585061,-89.757381
62617,40.156822,-90.16989
62618,39.982598,-90.402049
62621,39.72672,-90.52058
62622,39.978177,-90.353449
62624,40.156569,-90.363732
62625,39.910049,-89.687458
62626,39.282802,-89.883939
62627,40.059128,-90.111077
62628,39.779463,-90.403198
62629,39.677477,-89.716922
62630,39.254828,-90.090501
62631,39.827417,-90.354199
62633,40.22354,-89.870793
62634,40.011749,-89.454744
62635,40.296711,-89.471453
62638,39.609301,-90.081236
62639,40.03767,-90.486012
62640,39.42826,-89.804994
62642,40.093598,-89.724853
62643,40.242994,-89.451703
62644,40.287943,-90.054538
62649,39.357528,-90.070237
62650,39.734542,-90.223047
62655,40.169931,-89.986537
62656,40.140745,-89.370598
62661,39.668014,-89.826988
62663,39.540551,-90.328759
62664,40.212562,-89.724144
62665,39.816949,-90.529555
62666,40.086111,-89.543875
62667,39.487765,-89.992297
62668,39.565113,-90.238419
62670,39.742995,-89.891711
62671,40.17288,-89.558457
62672,39.398009,-89.804455
62673,40.085543,-89.978691
62674,39.441118,-90.023313
62675,40.036029,-89.847921
62677,39.85221,-89.883178
62681,40.136241,-90.542754
62682,40.298725,-89.630971
62684,39.909609,-89.586366
62685,39.139883,-90.002766
62688,39.945973,-89.923096
62689,39.53367,-89.761848
62690,39.505912,-89.762809
62691,39.958257,-90.210428
62692,39.58352,-89.939137
62693,39.958048,-89.516172
62694,39.62278,-90.477118
62695,39.627088,-90.22365
62701,39.800708,-89.648813
62702,39.824137,-89.64194
62703,39.762432,-89.629838
62704,39.773498,-89.68384
62707,39.85496,-89.650458
62711,39.765466,-89.729326
62712,39.753814,-89.579701
62801,38.512863,-89.141837
62803,38.453336,-89.295029
62806,38.382237,-88.076602
62807,38.744774,-88.940675
62808,38.30618,-89.188699
62809,38.268646,-88.290948
62810,38.201276,-88.752318
62811,38.38297,-87.905586
62812,37.997347,-88.916946
62814,38.378397,-88.731915
62815,38.458352,-87.96644
62816,38.189765,-88.922922
62817,37.954474,-88.476107
62818,38.383278,-87.965346
62819,37.977311,-89.016586
62820,38.242402,-88.237445
62821,38.071022,-88.129673
62822,37.977539,-89.056451
62823,38.52852,-88.445583
62824,38.669452,-88.341669
62825,37.998887,-89.068659
62827,38.170656,-88.047709
62828,38.194537,-88.601621
62829,37.973558,-88.48954
62830,38.443409,-88.967632
62831,38.234969,-89.222732
62832,38.011822,-89.24891
62833,38.361723,-88.164177
62835,38.106048,-88.321638
62836,38.094569,-88.805455
62837,38.360406,-88.352856
62838,38.883771,-88.739995
62839,38.665702,-88.501238
62841,37.859261,-89.000174
62842,38.467672,-88.371044
62843,38.38221,-88.199061
62844,38.262729,-88.043467
62846,38.142517,-88.868153
62848,38.434116,-89.166535
62849,38.58494,-88.773698
62850,38.494727,-88.59482
62851,38.427545,-88.659954
62852,38.350223,-87.866785
62853,38.516107,-88.912193
62854,38.769938,-88.801043
62856,37.956409,-88.838457
62858,38.811813,-88.49295
62859,38.081344,-88.532699
62860,38.041367,-88.731934
62861,38.030335,-88.022988
62862,38.219114,-88.299337
62863,38.415834,-87.859872
62864,38.330493,-88.902519
62865,37.972104,-89.080092
62867,37.912266,-88.098946
62868,38.67771,-88.228125
62869,37.9566,-88.277773
62870,38.635153,-89.053057
62871,37.875359,-88.272861
62872,38.268168,-88.809735
62874,37.918705,-88.976028
62875,38.755452,-89.121198
62876,38.276413,-89.195732
62877,38.392824,-89.211204
62878,38.574513,-88.507898
62879,38.764906,-88.360495
62880,38.866987,-88.884389
62881,38.635332,-88.927356
62882,38.636254,-89.118646
62883,38.168415,-89.120371
62884,38.083366,-89.056171
62885,38.859059,-89.054212
62886,38.380898,-88.539227
62887,38.184525,-88.36196
62888,38.130976,-89.234469
62889,38.456539,-88.823598
62890,37.906205,-88.737966
62891,38.015023,-89.042451
62892,38.808355,-89.075972
62893,38.46581,-89.030168
62894,38.20852,-89.036709
62895,38.305545,-88.555138
62896,37.890492,-88.915973
62897,38.094608,-88.898862
62898,38.350379,-89.060166
62899,38.61889,-88.642463
62901,37.739004,-89.209109
62902,37.662587,-89.117546
62903,37.674118,-89.276234
62905,37.55771,-89.367362
62906,37.462109,-89.17253
62907,37.872468,-89.49745
62908,37.310226,-88.864901
62910,37.153109,-88.534459
62912,37.476199,-89.032407
62914,37.061169,-89.218249
62915,37.783608,-89.119606
62916,37.930677,-89.568714
62917,37.693416,-88.651628
62918,37.789529,-89.088131
62919,37.524023,-88.138368
62920,37.550074,-89.237778
62921,37.801912,-89.084262
62922,37.620754,-88.814807
62923,37.346432,-89.016004
62924,37.823,-89.198023
62926,37.366678,-89.131409
62927,37.934662,-89.242307
62928,37.482396,-88.575321
62930,37.837843,-88.44109
62931,37.52143,-88.292023
62932,37.892867,-89.213656
62933,37.772371,-89.025656
62934,37.707239,-88.358633
62935,37.839547,-88.634847
62938,37.381459,-88.53942
62939,37.551161,-88.981647
62940,37.738486,-89.471814
62941,37.239258,-88.986107
62942,37.649362,-89.47287
62943,37.357564,-88.750384
62946,37.709862,-88.538845
62947,37.528691,-88.453991
62948,37.817138,-89.030678
62949,37.827923,-89.144607
62950,37.746447,-89.560711
62951,37.823971,-88.929329
62952,37.417455,-89.34345
62953,37.209471,-88.849519
62954,37.692088,-88.279548
62956,37.279795,-88.938359
62957,37.312496,-89.426131
62958,37.630995,-89.230987
62959,37.718218,-88.910435
62960,37.225299,-88.709403
62961,37.338171,-89.254854
62962,37.07536,-89.335889
62963,37.094559,-89.169921
62964,37.129263,-89.22436
62965,37.767319,-88.520616
62966,37.775136,-89.350979
62967,37.58431,-88.736917
62969,37.154393,-89.342299
62970,37.222203,-89.090532
62972,37.542288,-88.791037
62974,37.781202,-88.782992
62975,37.633773,-89.387589
62976,37.221663,-89.204377
62977,37.851778,-88.545923
62979,37.822024,-88.186317
62982,37.424825,-88.365319
62983,37.902971,-89.121219
62984,37.708208,-88.149138
62985,37.458595,-88.685445
62987,37.618725,-88.660351
62988,37.259641,-89.289268
62990,37.228582,-89.398842
62992,37.280117,-89.165805
62994,37.906728,-89.342358
62995,37.438053,-88.87768
62996,37.157531,-89.151028
62997,37.982297,-89.590441
62998,37.51207,-89.458153
62999,37.869529,-89.056407
63005,38.644214,-90.651407
63010,38.430371,-90.3921